city,state_abbrev,city_pop
New York,NY,8478072
Los Angeles,CA,3878704
Chicago,IL,2721308
Houston,TX,2390125
Phoenix,AZ,1673164
Philadelphia,PA,1573916
San Antonio,TX,1526656
San Diego,CA,1404452
Dallas,TX,1326087
Jacksonville,FL,1009833
Fort Worth,TX,1008106
San Jose,CA,997368
Austin,TX,993588
Charlotte,NC,943476
Columbus,OH,933263
Indianapolis,IN,891484
San Francisco,CA,827526
Seattle,WA,780995
Denver,CO,729019
Oklahoma City,OK,712919
Nashville-Davidson metropolitan government,TN,704963
Washington,DC,702250
El Paso,TX,681723
Las Vegas,NV,678922
Boston,MA,673458
Detroit,MI,645705
Louisville/Jefferson County metro government,KY,640796
Portland,OR,635749
Memphis,TN,610919
Baltimore,MD,568271
Milwaukee,WI,563531
Albuquerque,NM,560326
Tucson,AZ,554013
Fresno,CA,550105
Sacramento,CA,535798
Atlanta,GA,520070
Mesa,AZ,517151
Kansas City,MO,516032
Raleigh,NC,499825
Colorado Springs,CO,493554
Omaha,NE,489265
Miami,FL,487014
Virginia Beach,VA,454808
Long Beach,CA,450901
Oakland,CA,443554
Minneapolis,MN,428579
Bakersfield,CA,417468
Tulsa,OK,415154
Tampa,FL,414547
Arlington,TX,403672
Aurora,CO,403130
Wichita,KS,400991
Cleveland,OH,365379
New Orleans,LA,362701
Henderson,NV,350039
Urban Honolulu CDP,HI,344967
Anaheim,CA,344561
Orlando,FL,334854
Lexington-Fayette urban county,KY,329437
Stockton,CA,324975
Riverside,CA,323757
Irvine,CA,318683
Corpus Christi,TX,317317
Newark,NJ,317303
Santa Ana,CA,316184
Cincinnati,OH,314915
Pittsburgh,PA,307668
St. Paul,MN,307465
Greensboro,NC,307381
Jersey City,NJ,302824
Durham,NC,301870
Lincoln,NE,300619
North Las Vegas,NV,294034
Plano,TX,293286
Anchorage municipality,AK,289600
Gilbert,AZ,288790
Madison,WI,285300
Reno,NV,281714
Chandler,AZ,281231
St. Louis,MO,279695
Chula Vista,CA,278546
Buffalo,NY,276617
Fort Wayne,IN,273203
Lubbock,TX,272086
St. Petersburg,FL,267102
Toledo,OH,265638
Laredo,TX,261260
Port St. Lucie,FL,258575
Glendale,AZ,258143
Irving,TX,258060
Winston-Salem,NC,255769
Chesapeake,VA,254997
Garland,TX,250431
Scottsdale,AZ,246170
Boise City,ID,237963
Hialeah,FL,235388
Frisco,TX,235208
Richmond,VA,233655
Cape Coral,FL,233025
Norfolk,VA,231105
Spokane,WA,230609
Huntsville,AL,230402
Santa Clarita,CA,229159
Tacoma,WA,228202
Fremont,CA,228192
McKinney,TX,227526
San Bernardino,CA,224775
Baton Rouge,LA,220907
Modesto,CA,220592
Fontana,CA,218455
Salt Lake City,UT,217783
Moreno Valley,CA,213919
Des Moines,IA,213096
Worcester,MA,211286
Yonkers,NY,211040
Fayetteville,NC,209496
Sioux Falls,SD,209289
Grand Prairie,TX,207331
Rochester,NY,207282
Tallahassee,FL,205089
Little Rock,AR,204774
Amarillo,TX,203729
Overland Park,KS,202893
Columbus,GA,201830
Augusta-Richmond County consolidated government,GA,201737
Mobile,AL,201367
Oxnard,CA,200616
Grand Rapids,MI,200117
Peoria,AZ,199924
Vancouver,WA,198992
Knoxville,TN,198722
Birmingham,AL,196357
Montgomery,AL,195818
Providence,RI,194706
Huntington Beach,CA,193151
Brownsville,TX,191967
Chattanooga,TN,191496
Fort Lauderdale,FL,190641
Tempe,AZ,190114
Akron,OH,189664
Glendale,CA,187823
Clarksville,TN,185690
Ontario,CA,185285
Newport News,VA,183056
Elk Grove,CA,182797
Cary,NC,182659
Aurora,IL,180710
Salem,OR,180406
Pembroke Pines,FL,179326
Eugene,OR,178786
Santa Rosa,CA,177524
Rancho Cucamonga,CA,176675
Shreveport,LA,176578
Garden Grove,CA,172361
Oceanside,CA,170941
Fort Collins,CO,170924
Springfield,MO,170596
Murfreesboro,TN,168387
Surprise,AZ,167564
Lancaster,CA,167426
Denton,TX,165998
Roseville,CA,163304
Palmdale,CA,162536
Corona,CA,161540
Salinas,CA,160783
Killeen,TX,160616
Paterson,NJ,160463
Alexandria,VA,159102
Hollywood,FL,159073
Hayward,CA,158440
Charleston,SC,157665
Macon-Bibb County,GA,157056
Lakewood,CO,156868
Sunnyvale,CA,156792
Kansas City,KS,156752
Springfield,MA,154888
Bellevue,WA,154377
Naperville,IL,153124
Joliet,IL,151837
Bridgeport,CT,151599
Mesquite,TX,150140
Pasadena,TX,149617
Olathe,KS,149035
Escondido,CA,148847
Savannah,GA,148808
McAllen,TX,148782
Gainesville,FL,148720
Pomona,CA,147966
Rockford,IL,147486
Thornton,CO,146689
Waco,TX,146608
Visalia,CA,146271
Syracuse,NY,146097
Columbia,SC,144788
Midland,TX,143687
Miramar,FL,143242
Palm Bay,FL,142023
Jackson,MS,141449
Coral Springs,FL,140808
Victorville,CA,140721
Elizabeth,NJ,140413
Fullerton,CA,140054
Meridian,ID,139740
Torrance,CA,139576
Stamford,CT,139134
West Valley City,UT,138144
Orange,CA,137941
Cedar Rapids,IA,137904
Warren,MI,137686
Hampton,VA,137596
New Haven,CT,137562
Pasadena,CA,137195
Kent,WA,136588
Dayton,OH,136346
Fargo,ND,136285
Lewisville,TX,135983
Carrollton,TX,135456
Round Rock,TX,135359
Sterling Heights,MI,134342
Santa Clara,CA,133132
Norman,OK,131010
Columbia,MO,130900
Abilene,TX,130501
Pearland,TX,129620
Athens-Clarke County unified government,GA,128691
College Station,TX,128023
Clovis,CA,127993
West Palm Beach,FL,127744
Allentown,PA,127138
North Charleston,SC,126005
Simi Valley,CA,125778
Topeka,KS,125467
Wilmington,NC,125284
Lakeland,FL,124990
Thousand Oaks,CA,124229
Concord,CA,124016
Rochester,MN,123624
Vallejo,CA,123475
Ann Arbor,MI,122925
Broken Arrow,OK,122756
Fairfield,CA,122646
Lafayette,LA,122280
Hartford,CT,122129
Arvada,CO,121873
Berkeley,CA,121749
Independence,MO,121629
Billings,MT,121483
Cambridge,MA,121186
Lowell,MA,120418
Odessa,TX,119748
High Point,NC,118601
League City,TX,118456
Antioch,CA,118453
Richardson,TX,118221
Goodyear,AZ,118186
Pompano Beach,FL,118104
Nampa,ID,117350
Menifee,CA,117041
Las Cruces,NM,116998
Clearwater,FL,116811
West Jordan,UT,116688
New Braunfels,TX,116477
Manchester,NH,116386
Miami Gardens,FL,116173
Waterbury,CT,115908
Provo,UT,115479
Evansville,IN,115395
Richmond,CA,115353
Westminster,CO,115302
Elgin,IL,114701
Conroe,TX,114581
Greeley,CO,114363
Lansing,MI,114336
Buckeye,AZ,114334
Tuscaloosa,AL,114288
Allen,TX,113746
Carlsbad,CA,113575
Everett,WA,113011
Springfield,IL,112949
Beaumont,TX,112893
Murrieta,CA,112539
Rio Rancho,NM,112524
Temecula,CA,112431
Concord,NC,112395
Tyler,TX,112219
Davie,FL,112052
South Fulton,GA,112003
Peoria,IL,111696
Sparks,NV,111520
Gresham,OR,111507
Santa Maria,CA,111346
Pueblo,CO,111166
Hillsboro,OR,110337
Sugar Land,TX,109851
San Buenaventura (Ventura),CA,109831
Downey,CA,109368
Costa Mesa,CA,109131
Centennial,CO,108853
Edinburg,TX,108733
Spokane Valley,WA,108267
Jurupa Valley,CA,108154
Bend,OR,106926
West Covina,CA,106920
Boulder,CO,106803
Palm Coast,FL,106729
Lee's Summit,MO,106419
Dearborn,MI,106377
Green Bay,WI,106311
St. George,UT,106288
Brockton,MA,105788
Renton,WA,105543
Sandy Springs,GA,105505
Rialto,CA,104918
El Monte,CA,104639
Vacaville,CA,103994
Fishers,IN,103986
South Bend,IN,103713
Carmel,IN,103606
Yuma,AZ,103559
Burbank,CA,103533
Lynn,MA,103489
Quincy,MA,103434
El Cajon,CA,103291
Fayetteville,AR,103134
Suffolk,VA,103105
San Mateo,CA,103006
Chico,CA,102911
Inglewood,CA,102774
Wichita Falls,TX,102372
Boca Raton,FL,102238
Hesperia,CA,101836
Daly City,CA,101418
Georgetown,TX,101344
New Bedford,MA,101318
Albany,NY,101317
Davenport,IA,100938
Plantation,FL,100694
Deltona,FL,100513
Federal Way,WA,100252
San Angelo,TX,100159
Tracy,CA,100136
Sunrise,FL,100128
Fort Myers,FL,99918
Longmont,CO,99818
Kenosha,WI,99578
Vista,CA,99322
Edmond,OK,99040
Beaverton,OR,98302
Norwalk,CA,98230
Roanoke,VA,97912
Yakima,WA,97390
Lawrence,KS,97271
Orem,UT,96646
San Marcos,CA,96620
Avondale,AZ,96609
Portsmouth,VA,96482
Temple,TX,96267
Merced,CA,96073
Reading,PA,96000
Bellingham,WA,95860
Mount Pleasant,SC,95604
Kirkland,WA,95499
O'Fallon,MO,95355
Greenville,NC,95138
Asheville,NC,94992
Fall River,MA,94689
Manteca,CA,94292
Indio,CA,94275
Chino,CA,94010
Norwalk,CT,93661
Redding,CA,93502
Lehi,UT,93446
Livonia,MI,93113
Hoover,AL,93013
Erie,PA,92940
Hemet,CA,92912
North Port,FL,92875
Sandy,UT,92840
Roswell,GA,92227
Champaign,IL,91961
Nashua,NH,91851
Mission Viejo,CA,91601
Bryan,TX,91541
Carson,CA,91358
Trenton,NJ,91193
Compton,CA,91129
South Gate,CA,90805
Santa Monica,CA,90729
Newton,MA,90700
Santa Fe,NM,90551
Fort Smith,AR,90507
Deerfield Beach,FL,90507
Clifton,NJ,90322
Lawton,OK,90027
Westminster,CA,89537
Frederick,MD,89537
Springdale,AR,89368
Lawrence,MA,89332
Troy,MI,89209
Franklin,TN,89142
Danbury,CT,88692
Ogden,UT,88656
Mission,TX,88574
Waukegan,IL,88570
Bloomington,MN,88344
Folsom,CA,88091
Duluth,MN,87986
Melbourne,FL,87561
Leander,TX,87511
Mountain View,CA,87316
Santa Barbara,CA,87291
Lake Forest,CA,87159
Citrus Heights,CA,86909
Sioux City,IA,86875
Kennewick,WA,86728
San Leandro,CA,86571
Medford,OR,86301
Warner Robins,GA,86199
South Jordan,UT,86156
Daytona Beach,FL,86015
Baytown,TX,86004
San Ramon,CA,85924
Homestead,FL,85796
Whittier,CA,85589
Gastonia,NC,85535
Auburn,WA,85513
New Rochelle,NY,85512
Livermore,CA,84867
Kissimmee,FL,84756
Cranston,RI,84448
Layton,UT,84348
Farmington Hills,MI,84173
Rancho Cordova,CA,84113
Queen Creek,AZ,83781
Auburn,AL,83757
Longview,TX,83668
Hawthorne,CA,83633
Doral,FL,83625
Warwick,RI,83554
Miami Beach,FL,83251
Castle Rock,CO,83213
Boynton Beach,FL,83095
Perris,CA,83032
Redwood City,CA,82982
Newport Beach,CA,82970
Brooklyn Park,MN,82893
Westland,MI,82745
Buena Park,CA,82611
Jonesboro,AR,82384
Largo,FL,82337
Redmond,WA,82195
Somerville,MA,82149
Cicero,IL,82090
Pasco,WA,81724
Johns Creek,GA,81167
Lake Charles,LA,81157
Pharr,TX,81142
Loveland,CO,81102
Mansfield,TX,80803
Woodbury,MN,80596
Lynchburg,VA,80301
Alhambra,CA,80279
Flower Mound,TX,79990
Bloomington,IN,79986
Rapid City,SD,79894
Milpitas,CA,79746
Flint,MI,79735
Upland,CA,79684
Bethlehem,PA,79453
Parma,OH,79350
Bloomington,IL,79232
Bowling Green,KY,79076
Tustin,CA,78863
Alameda,CA,78795
Missouri City,TX,78582
Wyoming,MI,78559
Plymouth,MN,78551
Lakewood,CA,78494
Cedar Park,TX,78380
Rochester Hills,MI,78330
Broomfield,CO,78323
Mableton,GA,78314
Missoula,MT,78204
Racine,WI,78057
Lakeville,MN,77971
Bismarck,ND,77772
Flagstaff,AZ,77539
Chino Hills,CA,77418
Pittsburg,CA,77131
Schaumburg village,IL,77099
Pawtucket,RI,76996
Napa,CA,76921
Southfield,MI,76874
Ankeny,IA,76727
Iowa City,IA,76710
Maricopa,AZ,76654
Lauderhill,FL,76627
Marysville,WA,76209
Hammond,IN,76030
Evanston,IL,76006
Apex,NC,75977
Scranton,PA,75905
New Britain,CT,75871
Rock Hill,SC,75798
Bellflower,CA,75716
Pleasanton,CA,75664
Rogers,AR,75639
Arlington Heights village,IL,75596
Appleton,WI,75344
Noblesville,IN,75239
Blaine,MN,75172
Tamarac,FL,75147
Rocklin,CA,75129
Apple Valley,CA,75029
Bolingbrook village,IL,74756
Gulfport,MS,74621
Bayonne,NJ,74532
Greenville,SC,74371
San Marcos,TX,74316
Redlands,CA,74279
West Des Moines,IA,73664
Johnson City,TN,73635
Lake Elsinore,CA,73595
Framingham,MA,73361
Kalamazoo,MI,73290
Wilmington,DE,73176
Caldwell,ID,73088
Turlock,CA,72888
Maple Grove,MN,72739
Tulare,CA,72601
St. Charles,MO,72458
Eau Claire,WI,72331
Harlingen,TX,72234
St. Cloud,MN,72145
Mount Vernon,NY,71999
East Orange,NJ,71850
Lafayette,IN,71757
Camden,NJ,71749
Dothan,AL,71650
Waukesha,WI,71461
North Richland Hills,TX,71436
St. Joseph,MO,71098
St. Cloud,FL,71036
Jacksonville,NC,70840
Walnut Creek,CA,70817
Eastvale,CA,70751
Passaic,NJ,70722
Conway,AR,70711
Gaithersburg,MD,70686
Weston,FL,70674
Grand Junction,CO,70554
Dublin,CA,70544
Ocala,FL,70251
Commerce City,CO,70245
Delray Beach,FL,70140
Camarillo,CA,69881
Shawnee,KS,69724
Portland,ME,69568
Idaho Falls,ID,69523
Schenectady,NY,69495
Jackson,TN,69303
Baldwin Park,CA,69247
Canton,OH,69211
Yuba City,CA,69148
Madera,CA,69094
Ames,IA,69026
Casa Grande,AZ,68927
Decatur,IL,68763
Lodi,CA,68642
Rockville,MD,68417
Haverhill,MA,68291
Greenwood,IN,68175
Rowlett,TX,68123
Redondo Beach,CA,68075
Novi,MI,67675
Palo Alto,CA,67658
Gary,IN,67555
Waterloo,IA,67477
Alpharetta,GA,67275
Oshkosh,WI,67242
Eagan,MN,67240
Davis,CA,67125
Huntersville,NC,67087
Sanford,FL,66919
Union City,NJ,66918
Pflugerville,TX,66819
Albany,GA,66705
Malden,MA,66693
Port Orange,FL,66556
Yorba Linda,CA,66489
Sammamish,WA,66474
Janesville,WI,66428
Brentwood,CA,66286
Shoreline,WA,66251
Union City,CA,66196
Victoria,TX,66020
Palatine village,IL,65951
Skokie village,IL,65850
Waltham,MA,65849
Kyle,TX,65833
Lorain,OH,65751
Cheyenne,WY,65704
Parker,CO,65473
Muncie,IN,65320
Burnsville,MN,64864
Bellevue,NE,64777
South San Francisco,CA,64660
Kenner,LA,64650
North Little Rock,AR,64498
Richland,WA,64372
Millcreek,UT,64217
Laguna Niguel,CA,64185
Madison,AL,64029
Chapel Hill,NC,64028
Hamilton,OH,63953
Hendersonville,TN,63947
Moore,OK,63845
Coon Rapids,MN,63807
Utica,NY,63660
Lynwood,CA,63596
Porterville,CA,63517
Palm Beach Gardens,FL,63284
Wellington village,FL,63258
Bossier City,LA,63218
Marietta,GA,63122
Westfield,IN,62994
Jupiter,FL,62987
Woodland,CA,62983
Wylie,TX,62954
Eden Prairie,MN,62905
Apopka,FL,62777
Lakewood,WA,62709
Council Bluffs,IA,62665
San Clemente,CA,62627
Santa Cruz,CA,62581
White Plains,NY,62561
Pontiac,MI,62528
Marana,AZ,62380
Herriman,UT,62352
North Miami,FL,62202
Bristol,CT,62195
Vineland,NJ,62070
Corvallis,OR,61993
Taunton,MA,61936
Bentonville,AR,61791
Taylor,MI,61544
St. Peters,MO,61398
La Habra,CA,61391
Burlington,NC,61365
Blue Springs,MO,61246
Little Elm,TX,61219
Springfield,OR,61182
Encinitas,CA,61137
Dearborn Heights,MI,61040
Stonecrest,GA,61015
Meriden,CT,60849
La Mesa,CA,60767
Revere,MA,60702
Owensboro,KY,60675
Margate,FL,60650
Montebello,CA,60617
Hanford,CA,60594
Eagle Mountain,UT,60575
Kannapolis,NC,60521
Gilroy,CA,60390
Smyrna,TN,60302
Weymouth Town,MA,60159
Kokomo,IN,60093
Great Falls,MT,60013
Euless,TX,60010
Winter Haven,FL,59975
San Rafael,CA,59961
Medford,MA,59898
Grand Forks,ND,59845
West Allis,WI,59784
Coconut Creek,FL,59721
Hempstead village,NY,59569
Beaumont,CA,59502
Lenexa,KS,59427
Spring Hill,TN,59398
Petaluma,CA,59393
Brookhaven,GA,59370
Pico Rivera,CA,59363
Hoboken,NJ,59149
Youngstown,OH,59123
Santee,CA,59104
Lake Havasu City,AZ,59037
Dubuque,IA,58987
Gardena,CA,58921
Des Plaines,IL,58832
Casper,WY,58823
Cupertino,CA,58710
Lacey,WA,58644
Terre Haute,IN,58531
Midwest City,OK,58505
National City,CA,58460
Lancaster,PA,58441
Bowie,MD,58421
Royal Oak,MI,58251
Pocatello,ID,58231
Bradenton,FL,58184
Carson City,NV,58148
Springfield,OH,58138
St. Clair Shores,MI,58077
Orland Park village,IL,58020
Monterey Park,CA,57996
Decatur,AL,57974
Bozeman,MT,57894
Texas City,TX,57875
Taylorsville,UT,57819
Sarasota,FL,57764
Southaven,MS,57493
New Brunswick,NJ,57487
Saratoga Springs,UT,57411
Coeur d'Alene,ID,57355
Tigard,OR,57301
Smyrna,GA,57177
Albany,OR,57156
Bonita Springs,FL,57112
Kingsport,TN,57109
Kettering,OH,57028
Perth Amboy,NJ,56939
Logan,UT,56770
Wake Forest,NC,56764
DeSoto,TX,56711
Bartlett,TN,56708
Oak Lawn village,IL,56531
Plainfield,NJ,56507
Highland,CA,56499
Olympia,WA,56271
Lincoln,CA,56268
Burleson,TX,56253
Fountain Valley,CA,56036
West Sacramento,CA,55991
Anderson,IN,55851
Port Arthur,TX,55799
Valdosta,GA,55667
Twin Falls,ID,55589
San Jacinto,CA,55515
Mount Prospect village,IL,55460
Peabody,MA,55418
Chicopee,MA,55381
West Haven,CT,55379
Apple Valley,MN,55272
Berwyn,IL,55152
Tinley Park village,IL,54856
Kentwood,MI,54768
Manhattan,KS,54700
Fulshear,TX,54629
Rocky Mount,NC,54541
Arcadia,CA,54472
Yucaipa,CA,54465
Methuen,MA,54272
Pensacola,FL,53898
Wheaton,IL,53741
Elkhart,IN,53690
Joplin,MO,53605
Elyria,OH,53604
Edina,MN,53564
Rockwall,TX,53547
Galveston,TX,53538
Colton,CA,53528
Pinellas Park,FL,53503
Placentia,CA,53395
Normal,IL,53304
Grand Island,NE,53250
Delano,CA,53198
Palm Desert,CA,53147
West New York,NJ,52975
Oak Park village,IL,52947
Jeffersonville,IN,52912
Mooresville,NC,52884
Minnetonka,MN,52651
Summerville,SC,52625
Cathedral City,CA,52517
Gallatin,TN,52489
Novato,CA,52311
Diamond Bar,CA,52292
Middletown,OH,52291
Battle Creek,MI,52205
Huntington Park,CA,52166
Burien,WA,52046
Columbus,IN,51970
Collierville,TN,51951
Everett,MA,51825
Dunwoody,GA,51795
Bothell,WA,51770
Celina,TX,51661
Lebanon,TN,51501
Prescott Valley,AZ,51440
Newark,OH,51424
Watsonville,CA,51320
Grapevine,TX,51320
Florissant,MO,51290
Ocoee,FL,51269
Paramount,CA,51169
Harrisonburg,VA,51164
Troy,NY,51065
La Crosse,WI,51049
Mishawaka,IN,51020
Milford,CT,51004
Cuyahoga Falls,OH,50979
Hoffman Estates village,IL,50920
Clermont,FL,50851
Murray,UT,50817
Fort Pierce,FL,50805
Harrisburg,PA,50649
Downers Grove village,IL,50552
Enid,OK,50519
Aliso Viejo,CA,50457
Coral Gables,FL,50379
Goose Creek,SC,50352
Cleveland,TN,50232
Sherman,TX,50229
Draper,UT,50166
Stillwater,OK,50138
Glendora,CA,50101
Portage,MI,49975
St. Louis Park,MN,49899
Titusville,FL,49883
Barnstable Town,MA,49831
Leesburg,VA,49831
Lawrence,IN,49817
San Luis Obispo,CA,49729
Sheboygan,WI,49624
Cedar Hill,TX,49618
Rosemead,CA,49582
Lakewood,OH,49517
Huntsville,TX,49500
Chesterfield,MO,49465
Dublin,OH,49456
Poway,CA,49435
Cypress,CA,49286
Ceres,CA,49253
Covina,CA,49245
East Lansing,MI,48964
Plainfield village,IL,48881
Oro Valley,AZ,48855
Columbia,TN,48812
Wauwatosa,WI,48794
Winter Garden,FL,48771
Bedford,TX,48728
Los Banos,CA,48684
Holly Springs,NC,48674
Wentzville,MO,48646
Waxahachie,TX,48617
Middletown,CT,48616
Wilson,NC,48579
Hattiesburg,MS,48522
Euclid,OH,48421
Shakopee,MN,48401
Azusa,CA,48383
Prescott,AZ,48224
Biloxi,MS,48144
Beavercreek,OH,48012
East Providence,RI,47961
Brea,CA,47844
Spanish Fork,UT,47809
Urbandale,IA,47759
Gainesville,GA,47712
Glenview village,IL,47634
Mansfield,OH,47593
Niagara Falls,NY,47512
Minot,ND,47440
Olive Branch,MS,47365
Altamonte Springs,FL,47261
Roswell,NM,47176
Sayreville borough,NJ,47165
Oakley,CA,47158
Mentor,OH,47113
Attleboro,MA,47085
Roseville,MI,47047
Cerritos,CA,46851
Binghamton,NY,46773
Riverton,UT,46680
Keller,TX,46643
Hackensack,NJ,46630
Monroe,LA,46622
Delaware,OH,46521
Charleston,WV,46482
Mankato,MN,46459
La Mirada,CA,46367
Rancho Santa Margarita,CA,46353
West Lafayette,IN,46338
North Lauderdale,FL,46335
Fuquay-Varina,NC,46317
Greer,SC,46316
Farmington,NM,46262
Newark,CA,46254
Salina,KS,46109
Elmhurst,IL,46108
Morgan Hill,CA,45952
The Colony,TX,45897
Cutler Bay,FL,45833
Post Falls,ID,45800
Haltom City,TX,45786
Oakland Park,FL,45771
Strongsville,OH,45768
Moorhead,MN,45726
Salem,MA,45677
North Miami Beach,FL,45655
DeLand,FL,45587
Newnan,GA,45548
Brentwood,TN,45525
Palm Springs,CA,45453
Blacksburg,VA,45452
Linden,NJ,45393
Bremerton,WA,45291
York,PA,45241
Greenacres,FL,45197
Coachella,CA,45165
Fairfield,OH,45094
Hickory,NC,45081
Hollister,CA,45033
Bountiful,UT,45024
Huntington,WV,44942
Rohnert Park,CA,44894
Littleton,CO,44879
Charlottesville,VA,44767
Sierra Vista,AZ,44710
Concord,NH,44674
Wilkes-Barre,PA,44661
Ormond Beach,FL,44596
Woonsocket,RI,44508
Prosper,TX,44503
Lombard village,IL,44490
Fond du Lac,WI,44469
Burlington,VT,44432
Schertz,TX,44428
Lake Worth Beach,FL,44417
Apache Junction,AZ,44309
El Centro,CA,44230
Leominster,MA,44209
Midlothian,TX,44104
Mount Juliet,TN,44066
Cleveland Heights,OH,44064
Freeport village,NY,44028
Grove City,OH,44019
Hagerstown,MD,43909
Woburn,MA,43895
Indian Trail,NC,43867
Weslaco,TX,43864
Kiryas Joel village,NY,43863
Manassas,VA,43616
Lompoc,CA,43594
Huber Heights,OH,43590
Brighton,CO,43473
Danville,CA,43410
Bullhead City,AZ,43266
Beverly,MA,43223
Alexandria,LA,43133
Pittsfield,MA,43121
Buffalo Grove village,IL,43072
Plant City,FL,43046
Hallandale Beach,FL,43043
Saginaw,MI,43001
Sumter,SC,42958
Reynoldsburg,OH,42897
Campbell,CA,42895
Edmonds,WA,42871
Owasso,OK,42821
Shelton,CT,42805
Midland,MI,42780
Cottage Grove,MN,42760
Altoona,PA,42719
Florence,AL,42716
Hutto,TX,42661
Peachtree Corners,GA,42638
Rosenberg,TX,42571
Jefferson City,MO,42564
Puyallup,WA,42552
Marion,IA,42542
Moline,IL,42442
Marlborough,MA,42169
Fitchburg,MA,42145
Haines City,FL,42073
San Bruno,CA,42035
Danville,VA,41993
Royal Palm Beach village,FL,41948
Oviedo,FL,41901
Coppell,TX,41785
Windsor,CO,41734
Lancaster,OH,41671
Covington,KY,41611
Lynnwood,WA,41597
Crystal Lake,IL,41513
Milton,GA,41490
La Vergne,TN,41430
Cedar Falls,IA,41417
Lake Stevens,WA,41350
American Fork,UT,41298
Friendswood,TX,41291
Brookfield,WI,41268
State College borough,PA,41228
Stanton,CA,41188
Romeoville village,IL,41177
Hobbs,NM,41061
West Fargo,ND,41027
Amherst Town,MA,40989
Florence,SC,40923
Tooele,UT,40919
Cedar City,UT,40885
Kearny,NJ,40866
Lathrop,CA,40860
Cape Girardeau,MO,40818
Lancaster,TX,40780
Peachtree City,GA,40758
Bartlett village,IL,40718
Menomonee Falls village,WI,40700
Rexburg,ID,40695
Annapolis,MD,40689
Fort Lee borough,NJ,40566
Belleville,IL,40560
Douglasville,GA,40540
Myrtle Beach,SC,40535
Aventura,FL,40531
Georgetown,KY,40518
DeKalb,IL,40491
Westfield,MA,40403
Findlay,OH,40343
New Berlin,WI,40302
Bettendorf,IA,40281
Wausau,WI,40262
Chelsea,MA,40245
Valley Stream village,NY,40232
Dover,DE,40191
Maplewood,MN,40142
Prattville,AL,40139
Germantown,TN,40128
San Luis,AZ,40064
Rancho Palos Verdes,CA,40064
Monroe,NC,40054
Lake Oswego,OR,40029
Norwich,CT,39993
La Quinta,CA,39907
Culver City,CA,39883
Urbana,IL,39831
Winter Springs,FL,39822
Parkland,FL,39700
Issaquah,WA,39664
Copperas Cove,TX,39627
Riviera Beach,FL,39620
Spartanburg,SC,39606
Richmond,KY,39581
Hutchinson,KS,39561
Carol Stream village,IL,39556
Hurst,TX,39500
Grants Pass,OR,39468
Kearns metroship,UT,39398
Weatherford,TX,39397
Woodstock,GA,39381
Garner,NC,39345
Sun Prairie,WI,39253
Duncanville,TX,39203
Keizer,OR,39152
Braintree Town,MA,39134
Syracuse,UT,38999
Atlantic City,NJ,38959
Hilliard,OH,38832
Seguin,TX,38789
Quincy,IL,38786
Pine Bluff,AR,38785
Oswego village,IL,38778
Lincoln Park,MI,38774
Lewiston,ME,38772
Rome,GA,38747
Calexico,CA,38744
Roy,UT,38719
Warren,OH,38683
Socorro,TX,38642
Westerville,OH,38612
Erie,CO,38594
Portage,IN,38576
Forney,TX,38572
Phenix City,AL,38509
Park Ridge,IL,38445
Estero village,FL,38443
Oak Creek,WI,38373
Streamwood village,IL,38360
Bartlesville,OK,38355
Wheeling village,IL,38329
Oregon City,OR,38327
Longview,WA,38294
Northglenn,CO,38287
East Point,GA,38270
Hilton Head Island,SC,38158
Vestavia Hills,AL,38151
Cleburne,TX,38131
Pleasant Grove,UT,38127
Benton,AR,38088
Canton,GA,38049
La Porte,TX,38046
Hot Springs,AR,37971
Adelanto,CA,37941
San Gabriel,CA,37926
Holyoke,MA,37838
Cibolo,TX,37816
Leesburg,FL,37815
Plainfield,IN,37796
Monrovia,CA,37787
Tupelo,MS,37775
Kennesaw,GA,37740
Wildomar,CA,37736
New Albany,IN,37652
Montclair,CA,37650
Redmond,OR,37626
Bell Gardens,CA,37565
Clovis,NM,37555
North Ridgeville,OH,37504
Sahuarita,AZ,37448
Leavenworth,KS,37370
Farmers Branch,TX,37341
San Juan,TX,37341
Lauderdale Lakes,FL,37333
Muskegon,MI,37287
Greenfield,WI,37232
Tucker,GA,37224
Carpentersville village,IL,37144
Cookeville,TN,37102
Pacifica,CA,37056
Panama City,FL,37024
Princeton,TX,37019
Martinez,CA,37006
Merrillville,IN,36989
Muskogee,OK,36849
Hanover Park village,IL,36685
La Puente,CA,36670
Beloit,WI,36633
Franklin,WI,36591
Hinesville,GA,36583
Salisbury,NC,36579
Richfield,MN,36491
Fair Lawn borough,NJ,36489
El Mirage,AZ,36468
Rock Island,IL,36434
Fort Mill,SC,36244
Inver Grove Heights,MN,36226
Midvale,UT,36219
Bluffton,SC,36146
Upper Arlington,OH,36140
Claremont,CA,36139
Norristown borough,PA,36075
Mason,OH,36046
Springville,UT,36027
Watertown,MA,35985
Texarkana,TX,35971
Dunedin,FL,35932
Stockbridge,GA,35893
Addison village,IL,35728
Torrington,CT,35673
Roseville,MN,35637
Moorpark,CA,35621
Marion,OH,35576
Richmond,IN,35561
Gahanna,OH,35544
Cooper City,FL,35541
Washington,UT,35501
Butte-Silver Bow,MT,35480
San Juan Capistrano,CA,35469
Wenatchee,WA,35401
Kingman,AZ,35383
Mount Vernon,WA,35344
Harker Heights,TX,35263
McMinnville,OR,35255
Englewood,CO,35238
Statesboro,GA,35226
Brunswick,OH,35166
University Place,WA,35160
Randolph Town,MA,35114
Fairborn,OH,35105
Crown Point,IN,35097
Wildwood,MO,35082
Valparaiso,IN,35065
Holland,MI,35023
Opelika,AL,35005
Temple City,CA,34989
Dalton,GA,34970
Calumet City,IL,34855
Clearfield,UT,34778
Long Beach,NY,34777
Kearney,NE,34741
Helena,MT,34729
Lewiston,ID,34693
Lima,OH,34690
Del Rio,TX,34678
College Park,MD,34667
Goldsboro,NC,34629
Manitowoc,WI,34616
Elizabethtown,KY,34565
Northbrook village,IL,34546
Deer Park,TX,34495
Alabaster,AL,34460
Goshen,IN,34458
Leland,NC,34451
Waukee,IA,34420
Lufkin,TX,34399
West Hollywood,CA,34371
Cornelius,NC,34366
Fitchburg,WI,34357
Greenville,TX,34355
University City,MO,34349
Westlake,OH,34232
New Bern,NC,34218
Pleasant Hill,CA,34169
Woodridge village,IL,34103
Stow,OH,34101
Petersburg,VA,34058
Chester,PA,34052
Oak Ridge,TN,34039
SeaTac,WA,34024
Leawood,KS,34013
Eastpointe,MI,33943
Desert Hot Springs,CA,33917
Dover,NH,33909
Walla Walla,WA,33901
Gillette,WY,33846
Ithaca,NY,33768
Florence,KY,33763
Franklin Town,MA,33742
Spring Valley village,NY,33637
Salisbury,MD,33616
Rochester,NH,33598
LaGrange,GA,33564
Meridian,MS,33549
Pullman,WA,33543
Garfield,NJ,33530
St. Charles,IL,33482
Nicholasville,KY,33458
Manhattan Beach,CA,33453
Eagle,ID,33451
Brownsburg,IN,33430
Andover,MN,33426
Sherwood,AR,33281
Bella Vista,AR,33274
Kaysville,UT,33252
Miami Lakes,FL,33247
San Dimas,CA,33226
Long Branch,NJ,33214
Des Moines,WA,33207
Zionsville,IN,33161
Duluth,GA,33157
New Smyrna Beach,FL,33144
Gadsden,AL,33086
Dania Beach,FL,33076
Menlo Park,CA,33040
Sachse,TX,33008
Morristown,TN,32994
Sanford,NC,32971
Laramie,WY,32957
Los Gatos,CA,32952
Savage,MN,32896
Glendale Heights village,IL,32866
McDonough,GA,32803
Massillon,OH,32750
Aiken,SC,32694
Foster City,CA,32657
Mundelein village,IL,32641
Morrisville,NC,32628
Goleta,CA,32611
Athens,AL,32587
Dana Point,CA,32585
Bangor,ME,32446
Cottonwood Heights,UT,32437
Nacogdoches,TX,32381
Bethel Park municipality,PA,32376
Maryville,TN,32373
Chamblee,GA,32321
Poughkeepsie,NY,32293
Atwater,CA,32248
O'Fallon,IL,32169
West Bend,WI,32149
Naugatuck borough,CT,32116
Shawnee,OK,32092
Bay City,MI,32086
Westfield,NJ,32050
Matthews,NC,32048
Wheat Ridge,CO,31999
Carlsbad,NM,31999
Rome,NY,31990
Anna,TX,31986
Bell,CA,31930
Banning,CA,31929
Lawrenceville,GA,31877
Elk Grove Village village,IL,31802
Santa Paula,CA,31786
Brooklyn Center,MN,31755
Fairbanks,AK,31732
Clayton,NC,31732
Bixby,OK,31728
Statesville,NC,31693
North Olmsted,OH,31690
Houma,LA,31671
Alamogordo,NM,31667
Casselberry,FL,31650
Juneau and borough,AK,31572
El Paso de Robles (Paso Robles),CA,31568
San Pablo,CA,31562
Seaside,CA,31524
Southlake,TX,31500
Northport,AL,31492
Michigan City,IN,31466
Princeton,NJ,31445
Rockledge,FL,31429
Converse,TX,31400
Magna metroship,UT,31381
West Melbourne,FL,31378
Harrison village,NY,31321
Northampton,MA,31315
Kalispell,MT,31296
Pekin,IL,31266
Liberty,MO,31245
North Attleborough Town,MA,31210
Pooler,GA,31171
Ballwin,MO,31036
Beverly Hills,CA,31027
Port Chester village,NY,30957
Anderson,SC,30937
Jackson,MI,30920
North Royalton,OH,30894
Burlingame,CA,30885
Los Altos,CA,30864
Winter Park,FL,30835
Hopkinsville,KY,30800
Highland Park,IL,30794
Rahway,NJ,30763
Daphne,AL,30751
Enterprise,AL,30731
Crestview,FL,30727
Paragould,AR,30680
Fridley,MN,30679
North Chicago,IL,30639
Holladay,UT,30588
Lafayette,CO,30587
Rosemount,MN,30581
Gurnee village,IL,30546
Algonquin village,IL,30539
Newark,DE,30506
Gloucester,MA,30491
Morgantown,WV,30490
Saratoga,CA,30486
Bowling Green,OH,30463
Woodburn,OR,30449
Oakdale,MN,30441
Easton,PA,30432
Laguna Hills,CA,30378
Hazleton,PA,30354
Laurel,MD,30238
Englewood,NJ,30221
Independence,KY,30196
La Verne,CA,30192
Middletown,NY,30188
Chaska,MN,30167
Central,LA,30161
Lawndale,CA,30160
Fredericksburg,VA,29992
North Tonawanda,NY,29981
Melrose,MA,29938
Niles village,IL,29918
Venice,FL,29902
Alvin,TX,29869
Schererville,IN,29780
Mauldin,SC,29746
Atascadero,CA,29743
Conway,SC,29656
Suisun City,CA,29614
Fountain,CO,29457
Russellville,AR,29442
Burton,MI,29420
Hobart,IN,29418
San Carlos,CA,29403
Oak Park,MI,29402
Jeffersontown,KY,29388
Kirkwood,MO,29348
East Palo Alto,CA,29296
Galesburg,IL,29289
Marysville,OH,29276
Raytown,MO,29244
Bridgewater Town,MA,29167
Jacksonville,AR,29129
Kuna,ID,29127
Southgate,MI,29081
West Springfield Town,MA,29028
Monterey,CA,29015
Garfield Heights,OH,29014
Ramsey,MN,28999
Happy Valley,OR,28969
Bergenfield borough,NJ,28921
Texarkana,AR,28897
Glen Ellyn village,IL,28872
Parkersburg,WV,28834
McHenry,IL,28825
Mint Hill,NC,28825
Williston,ND,28821
Eagle Pass,TX,28768
Kernersville,NC,28760
Agawam Town,MA,28749
Saratoga Springs,NY,28741
Lake in the Hills village,IL,28706
Shaker Heights,OH,28689
Madison Heights,MI,28626
Frankfort,KY,28610
Burbank,IL,28606
Sugar Hill,GA,28598
Maple Valley,WA,28553
Palm Springs village,FL,28548
Huntley village,IL,28495
New Lenox village,IL,28480
Pearl,MS,28458
Slidell,LA,28440
Ridgecrest,CA,28373
Port Huron,MI,28342
Carrollton,GA,28306
Marion,IN,28216
Madison,MS,28210
Union City,GA,28195
Fremont,NE,28190
Brawley,CA,28188
Mount Pleasant village,WI,28184
Newburgh,NY,28181
Lake Jackson,TX,28158
Lansing village,IL,28107
Glen Cove,NY,28088
New London,CT,28081
Simpsonville,SC,28078
Foley,AL,28043
Tualatin,OR,28036
Prior Lake,MN,28018
Garden City,KS,27996
Danville,IL,27981
Monroeville municipality,PA,27966
Asheboro,NC,27928
Homewood,AL,27919
Aberdeen,SD,27919
Wilsonville,OR,27895
Marshalltown,IA,27886
Jenks,OK,27869
Lemon Grove,CA,27867
Bristol,TN,27867
Millville,NJ,27838
Tumwater,WA,27826
Winchester,VA,27800
Henderson,KY,27750
Katy,TX,27741
Bridgeton,NJ,27722
Kent,OH,27720
Jamestown,NY,27699
Maryland Heights,MO,27671
Dodge City,KS,27663
Williamsport,PA,27628
Elk River,MN,27606
Thomasville,NC,27605
Allen Park,MI,27604
Temple Terrace,FL,27588
Gladstone,MO,27579
Cabot,AR,27575
Neenah,WI,27502
Green,OH,27476
Fate,TX,27467
Wilmette village,IL,27443
Hamtramck,MI,27424
Wasco,CA,27409
Camas,WA,27313
Balch Springs,TX,27307
Walnut,CA,27250
Lindenhurst village,NY,27160
Newberg,OR,27136
Belmont,CA,27132
Troy,OH,27122
Round Lake Beach village,IL,27091
Sebastian,FL,27087
Trussville,AL,27079
Forest Grove,OR,27076
Yukon,OK,27068
Lemoore,CA,27057
Greenville,MS,27015
Vernon Hills village,IL,27002
Easley,SC,27001
South Portland,ME,26994
Wooster,OH,26982
Moses Lake,WA,26969
Mason City,IA,26948
Shoreview,MN,26939
Lockport,IL,26915
Ossining village,NY,26895
Moscow,ID,26894
Granite City,IL,26854
New Iberia,LA,26849
Oak Forest,IL,26813
Oxford,MS,26801
Paramus borough,NJ,26786
Edwardsville,IL,26715
Paducah,KY,26712
Ridgewood village,NJ,26701
Austin,MN,26690
Sanger,CA,26649
Grandview,MO,26630
Owatonna,MN,26626
Superior,WI,26620
Clinton,MS,26617
Derby,KS,26604
West Linn,OR,26597
Galt,CA,26589
Horn Lake,MS,26574
Twentynine Palms,CA,26563
South Salt Lake,UT,26561
Batavia,IL,26555
Chicago Heights,IL,26533
Hercules,CA,26499
Benicia,CA,26477
Stevens Point,WI,26465
Lebanon,PA,26456
Denison,TX,26446
Plum borough,PA,26420
Garden City,MI,26410
El Cerrito,CA,26409
North Augusta,SC,26395
Royse City,TX,26387
Staunton,VA,26361
Lodi borough,NJ,26358
Nixa,MO,26352
Soledad,CA,26345
Avon Lake,OH,26342
Fairfax,VA,26340
Centerville,OH,26311
Greenfield,IN,26268
Elmira,NY,26255
Melissa,TX,26194
Cliffside Park borough,NJ,26183
Winona,MN,26173
Tarpon Springs,FL,26168
Farmington,UT,26163
Norfolk,NE,26162
Franklin,IN,26158
Reedley,CA,26138
Saginaw,TX,26116
Xenia,OH,26067
Wheeling,WV,26060
Auburn Hills,MI,26047
Fairhope,AL,26044
Colleyville,TX,26012
Carteret borough,NJ,26003
Yorkville,IL,25986
Auburn,NY,25963
Raymore,MO,25962
Walker,MI,25921
Salem,VA,25908
Woodstock,IL,25892
Brandon,MS,25870
Belton,MO,25861
Windsor,CA,25846
Starkville,MS,25844
Gardner,KS,25836
Dinuba,CA,25833
Pickerington,OH,25814
Shelbyville,TN,25792
East Chicago,IN,25768
Muskego,WI,25759
Peekskill,NY,25757
Medina,OH,25757
Chanhassen,MN,25746
Centerton,AR,25745
Rockville Centre village,NY,25718
Dickinson,ND,25695
Middletown,DE,25686
South Pasadena,CA,25656
Ottumwa,IA,25648
Belton,TX,25635
Riverbank,CA,25625
Corsicana,TX,25591
Avon,OH,25573
Imperial Beach,CA,25568
Fernley,NV,25508
Patterson,CA,25495
West Chicago,IL,25469
De Pere,WI,25453
Eureka,CA,25412
Palmetto Bay village,FL,25402
Norco,CA,25400
Pelham,AL,25396
Lafayette,CA,25371
Lexington,SC,25354
Mequon,WI,25329
Belvidere,IL,25325
Perrysburg,OH,25313
Mercer Island,WA,25302
University Park,TX,25268
Papillion,NE,25248
Farragut,TN,25242
Key West,FL,25240
Caledonia village,WI,25240
Auburn,ME,25200
Mountlake Terrace,WA,25198
Loma Linda,CA,25197
Herndon,VA,25180
Hastings,NE,25152
Kerrville,TX,25141
Columbus,NE,25126
Inkster,MI,25108
Cartersville,GA,25082
Bessemer,AL,25079
Norton Shores,MI,25070
Eustis,FL,25067
Ardmore,OK,25064
South Plainfield borough,NJ,25062
Paris,TX,25037
Johnston,IA,25022
Faribault,MN,24983
Alton,IL,24967
Hazelwood,MO,24951
South Elgin village,IL,24921
Zanesville,OH,24916
Barstow,CA,24897
Florence,AZ,24891
Fort Dodge,IA,24886
Kingsville,TX,24884
Homer Glen village,IL,24852
Greenbelt,MD,24843
Athens,OH,24824
Horizon City,TX,24802
Perry,GA,24792
Mandan,ND,24788
Wadsworth,OH,24753
Ennis,TX,24753
Hurricane,UT,24753
Avon,IN,24735
San Benito,TX,24712
Payson,UT,24666
Romulus,MI,24652
Barberton,OH,24624
Bainbridge Island,WA,24618
West Haven,UT,24617
Groveland,FL,24602
Zion,IL,24583
Ridgeland,MS,24576
Brookings,SD,24555
Benbrook,TX,24542
Selma,CA,24505
Decatur,GA,24482
Newport,RI,24482
Riverside,OH,24472
Morton Grove village,IL,24467
Farmington,MN,24464
Corinth,TX,24450
Seal Beach,CA,24421
Van Buren,AR,24396
Emporia,KS,24354
Edgewater,FL,24334
Glassboro borough,NJ,24322
Westmont village,IL,24308
Marshall,TX,24263
St. John,IN,24250
Ponca City,OK,24234
Wyandotte,MI,24214
Willoughby,OH,24208
Sandusky,OH,24174
Kenmore,WA,24166
Oak Harbor,WA,24163
Clinton,IA,24118
Watertown,NY,24038
Melrose Park village,IL,23999
Searcy,AR,23997
Griffin,GA,23994
Mustang,OK,23965
Coralville,IA,23959
Otsego,MN,23875
Solon,OH,23875
Maywood,CA,23838
Roseburg,OR,23795
Collinsville,IL,23766
Kingston,NY,23748
Rolling Meadows,IL,23732
Clinton,UT,23728
Elmwood Park village,IL,23698
Fountain Hills,AZ,23696
Burlington,IA,23637
Loves Park,IL,23636
Munster,IN,23634
Jacksonville Beach,FL,23630
Mesquite,NV,23599
North Salt Lake,UT,23593
Pottstown borough,PA,23553
Lisle village,IL,23548
West Memphis,AR,23538
Kankakee,IL,23535
Webster Groves,MO,23525
Waynesboro,VA,23498
Highland,IN,23497
Duarte,CA,23493
Watertown,SD,23492
San Fernando,CA,23488
White Bear Lake,MN,23479
DeBary,FL,23468
Hammond,LA,23426
Albertville,AL,23392
Maywood village,IL,23364
Hialeah Gardens,FL,23328
Millbrae,CA,23321
Muscatine,IA,23298
Sapulpa,OK,23297
Ozark,MO,23248
Oakdale,CA,23209
Waxhaw,NC,23178
Duncan,OK,23174
Freeport,IL,23140
Watauga,TX,23120
Summit,NJ,23102
Maple Heights,OH,23081
Hudson,OH,23073
Trotwood,OH,23073
North Plainfield borough,NJ,23072
Roselle borough,NJ,23064
Suwanee,GA,23062
Marina,CA,23047
Champlin,MN,23045
Chambersburg borough,PA,23041
Keene,NH,23036
Central Falls,RI,23034
Garden City village,NY,22993
Terrell,TX,22977
Hopewell,VA,22970
Rock Springs,WY,22967
Battle Ground,WA,22959
Portsmouth,NH,22938
Prairie Village,KS,22919
North Ogden,UT,22908
Alton,TX,22907
Sunny Isles Beach,FL,22903
Roselle village,IL,22871
Machesney Park village,IL,22839
Columbus,MS,22820
Shelby,NC,22778
Lino Lakes,MN,22774
West Chester borough,PA,22758
Shafter,CA,22754
Boerne,TX,22712
Secaucus,NJ,22710
Radcliff,KY,22706
Greenwood,SC,22667
Christiansburg,VA,22632
Corcoran,CA,22627
Acworth,GA,22624
Bloomingdale village,IL,22622
Watertown,WI,22617
Altoona,IA,22598
Oxford,OH,22585
Middleton,WI,22566
Laguna Beach,CA,22564
North Platte,NE,22549
Big Spring,TX,22541
Seymour,IN,22524
Carlisle borough,PA,22517
Hastings,MN,22502
Sanford,ME,22497
Clemmons village,NC,22471
La Porte,IN,22444
Evans,CO,22394
New Brighton,MN,22374
Biddeford,ME,22370
Columbia Heights,MN,22358
Snellville,GA,22336
Ruston,LA,22330
Sedalia,MO,22310
Zephyrhills,FL,22304
Bryant,AR,22271
Calabasas,CA,22256
Carbondale,IL,22223
Helena,AL,22200
Birmingham,MI,22198
Harrison,NJ,22182
Klamath Falls,OR,22174
Stephenville,TX,22147
Bonney Lake,WA,22145
Imperial,CA,22102
Oxford,AL,22088
Bartow,FL,22084
Crystal,MN,22082
Junction City,KS,22053
Clarksville,IN,22041
East Peoria,IL,22024
Villa Park village,IL,22020
Darien,IL,22015
Tavares,FL,22007
Lebanon,OH,21995
Hanahan,SC,21983
East Ridge,TN,21970
Howard village,WI,21961
Arlington,WA,21959
Montgomery village,IL,21957
Lynn Haven,FL,21954
Dickinson,TX,21941
West St. Paul,MN,21920
Lindenwold borough,NJ,21919
North Liberty,IA,21904
Willmar,MN,21892
Yucca Valley,CA,21858
Marquette,MI,21845
Knightdale,NC,21829
Blue Island,IL,21805
Pleasant Prairie village,WI,21802
Chillicothe,OH,21769
American Canyon,CA,21742
South Burlington,VT,21713
Mountain Brook,AL,21701
Cudahy,CA,21694
St. Michael,MN,21681
Elmwood Park borough,NJ,21680
Montrose,CO,21646
Tukwila,WA,21636
Milwaukie,OR,21620
Covington,WA,21567
Alliance,OH,21523
Manor,TX,21500
Pascagoula,MS,21476
Rocky River,OH,21468
Culpeper,VA,21464
Republic,MO,21392
Westbrook,ME,21386
Gardner,MA,21381
South Euclid,OH,21363
New Castle,PA,21332
Port Hueneme,CA,21325
Sweetwater,FL,21321
Northfield,MN,21316
Mineola village,NY,21305
Mukilteo,WA,21299
Del City,OK,21272
Golden Valley,MN,21263
Grayslake village,IL,21262
South Lake Tahoe,CA,21225
Hays,KS,21213
Fort Walton Beach,FL,21188
Geneva,IL,21168
Frankfort village,IL,21160
Highland,UT,21146
Anniston,AL,21127
Murphy,TX,21109
Mount Pleasant,MI,21090
Carrboro,NC,21079
Ashland,KY,21066
Saco,ME,21064
Hyattsville,MD,21052
Greenfield,CA,21042
Arnold,MO,21036
Tullahoma,TN,21035
Germantown village,WI,21032
Park Forest village,IL,21016
Ellensburg,WA,20996
East Moline,IL,20995
Mill Creek,WA,20993
Angleton,TX,20979
Piqua,OH,20940
Ashland,OR,20935
Pleasantville,NJ,20924
Durant,OK,20908
Shelbyville,IN,20845
Elko,NV,20822
Louisville,CO,20811
North Myrtle Beach,SC,20798
Kingsland,GA,20789
South Holland village,IL,20775
New Hope,MN,20745
Morristown,NJ,20732
Murrysville municipality,PA,20729
Portland,TX,20725
Baldwin borough,PA,20712
Forest Lake,MN,20700
Dolton village,IL,20697
Alamo,TX,20694
Lynbrook village,NY,20684
Westminster,MD,20662
Rolla,MO,20660
Painesville,OH,20660
Auburndale,FL,20659
Mebane,NC,20654
Libertyville village,IL,20643
Johnstown,CO,20639
Winder,GA,20628
Claremore,OK,20602
South St. Paul,MN,20590
Sulphur,LA,20572
Pittsburg,KS,20547
Parma Heights,OH,20524
Palisades Park borough,NJ,20520
Crowley,TX,20483
Sherwood,OR,20441
Bethany,OK,20421
Fayetteville,GA,20419
Punta Gorda,FL,20416
Lockport,NY,20394
Sidney,OH,20392
Zachary,LA,20370
Gallup,NM,20339
Harrisburg,NC,20335
Sand Springs,OK,20330
Brigham City,UT,20319
Dixon,CA,20296
Phoenixville borough,PA,20286
Universal City,TX,20267
Adrian,MI,20259
Miamisburg,OH,20253
Cullman,AL,20239
South Milwaukee,WI,20233
Crest Hill,IL,20223
La Marque,TX,20194
Monroe,MI,20177
Erlanger,KY,20172
Naples,FL,20168
Golden,CO,20151
Ypsilanti,MI,20150
Holly Springs,GA,20133
Seagoville,TX,20124
St. Marys,GA,20119
Port Angeles,WA,20112
Conyers,GA,20111
Villa Rica,GA,20095
Ammon,ID,20095
Boone,NC,20080
Siloam Springs,AR,20075
El Reno,OK,20041
Forest Park,OH,20033
Vicksburg,MS,20032
Hawthorne borough,NJ,20006
Oconomowoc,WI,20002
Whitehall,OH,19940
Monroe,WA,19927
Mayfield Heights,OH,19886
Lomita,CA,19841
Mamaroneck village,NY,19783
Harvey,IL,19781
Oroville,CA,19712
La Cañada Flintridge,CA,19621
Albany,CA,19439
Agoura Hills,CA,19429
Plainview,TX,19429
Coronado,CA,18031
